experiment,item,value
hull_examples,hull_price,2.4
hull_examples,this_repo_price,2.4005273232717137
hull_examples,hull_delta,0.522
hull_examples,this_repo_delta,0.5216046610663964
hull_examples,hull_theta,-4.31
hull_examples,this_repo_theta,-4.305329822932573
hull_examples,hull_gamma,0.066
hull_examples,this_repo_gamma,0.06554403934784439
hull_table_19_4,hull_5.0,0.42
hull_table_19_4,this_repo_5.0,0.4147776831978391
hull_table_19_4,hull_4.0,0.38
hull_table_19_4,this_repo_4.0,0.3746287564612031
hull_table_19_4,hull_2.0,0.28
hull_table_19_4,this_repo_2.0,0.2685087703043331
hull_table_19_4,hull_1.0,0.21
hull_table_19_4,this_repo_1.0,0.19210686320846737
hull_table_19_4,hull_0.5,0.16
hull_table_19_4,this_repo_0.5,0.13748508255249797
hull_table_19_4,hull_0.25,0.13
hull_table_19_4,this_repo_0.25,0.09802501052074214
convergence,mean_1,0.01773333934024508
convergence,sd_1,6.071678419855315
convergence,rmse_1,6.071643599544049
convergence,q05_1,-11.445187289134383
convergence,q95_1,7.325170132351631
convergence,predicted_sd_1,6.934069585896805
convergence,turnover_1,0.579259709439103
convergence,gamma_r2_1,0.7084333679226466
convergence,mean_4,0.023275275385841395
convergence,sd_4,3.2349496456711506
convergence,rmse_4,3.235001027895971
convergence,q05_4,-5.444723314084632
convergence,q95_4,5.077293562111505
convergence,predicted_sd_4,3.4670347929484024
convergence,turnover_4,1.0854032786102839
convergence,gamma_r2_4,0.8365032831741073
convergence,mean_12,0.01571872557059291
convergence,sd_12,1.9358352950657929
convergence,rmse_12,1.9358797531846437
convergence,q05_12,-3.21718003039294
convergence,q95_12,3.1295572613212435
convergence,predicted_sd_12,2.0016934709985583
convergence,turnover_12,1.6153822060162335
convergence,gamma_r2_12,0.9100528243592597
convergence,mean_52,0.0019431444152324452
convergence,sd_52,0.9605066015021984
convergence,rmse_52,0.9604989619363942
convergence,q05_52,-1.5716393347869593
convergence,q95_52,1.5591171389762768
convergence,predicted_sd_52,0.9615824399840878
convergence,turnover_52,2.8382365552412208
convergence,gamma_r2_52,0.9572264793094727
convergence,mean_252,0.004804244704077381
convergence,sd_252,0.43815296031047296
convergence,rmse_252,0.4381749169403413
convergence,q05_252,-0.7057645103829352
convergence,q95_252,0.7254491597625224
convergence,predicted_sd_252,0.4368053261404661
convergence,turnover_252,5.595874977896926
convergence,gamma_r2_252,0.9809553524657841
convergence,slope,0.4825196866996408
misspecification,fair_price_0.1,5.016980606262415
misspecification,mean_0.1,0.003531088187698614
misspecification,rmse_0.1,1.0188176804264126
misspecification,price_gap_0.1,-3.9778228419310517
misspecification,mean_gamma_pnl_0.1,3.9750198869358737
misspecification,mean_if_sold_at_hedge_vol_0.1,3.9813539301187504
misspecification,fair_price_0.15,6.9618416445541556
misspecification,mean_0.15,0.004107568135472808
misspecification,rmse_0.15,0.7218108230269987
misspecification,price_gap_0.15,-1.99367300449999
misspecification,mean_gamma_pnl_0.15,1.9957161356988462
misspecification,mean_if_sold_at_hedge_vol_0.15,1.9977805726354627
misspecification,fair_price_0.2,8.916037278572539
misspecification,mean_0.2,0.004804244704077381
misspecification,rmse_0.2,0.4381749169403413
misspecification,price_gap_0.2,0.0
misspecification,mean_gamma_pnl_0.2,0.0036185063225394713
misspecification,mean_if_sold_at_hedge_vol_0.2,0.004804244704077381
misspecification,fair_price_0.25,10.870558490557599
misspecification,mean_0.25,0.005051495590419736
misspecification,rmse_0.25,0.99290613951751
misspecification,price_gap_0.25,1.9940051595778774
misspecification,mean_gamma_pnl_0.25,-1.991159307970233
misspecification,mean_if_sold_at_hedge_vol_0.25,-1.9889536639874577
misspecification,fair_price_0.3,12.82158139269142
misspecification,mean_0.3,0.004945552326543934
misspecification,rmse_0.3,1.918283632348639
misspecification,price_gap_0.3,3.9844413387576925
misspecification,mean_gamma_pnl_0.3,-3.984588786456987
misspecification,mean_if_sold_at_hedge_vol_0.3,-3.9794957864311487
gamma,r2,0.9572264793094727
gamma,slope,0.9959296772569153
gamma,intercept,0.006407487733784646
gamma,r2_gross,0.14913792163787493
